,Name,Address,Phone Number,Rating,URL
0,"Juno Payday Loans, LLC","5690 Glacier Hwy Ste 1A Juneau, AK 99801",+1-907-500-9098,A+,/us/ak/juneau/profile/payday-loans/juno-payday-loans-llc-1296-1000068067
1,Spirit of Alaska Federal Credit Union,"1417 Gillam Way Fairbanks, AK 99701-6043",+1-907-459-5974,NR,/us/ak/fairbanks/profile/credit-union/spirit-of-alaska-federal-credit-union-1296-22052351
2,MoneyWorks Inc,"PO Box 92068 Anchorage, AK 99509",+1-907-337-2274,NR,/us/ak/anchorage/profile/payday-loans/moneyworks-inc-1296-22022930
3,Advance Til Payday,"1265 S Seward Meridian Pkwy Ste F Wasilla, AK 99654-8351",+1-907-646-9292,NR,/us/ak/fairbanks/profile/payday-loans/advance-til-payday-1296-22030886
4,Advance Til Payday,"9328 Glacier Hwy Apt 50 Juneau, AK 99801-9393",+1-907-646-9292,NR,/us/ak/fairbanks/profile/payday-loans/advance-til-payday-1296-22030886
5,Money Mart,"704 E Benson Blvd Anchorage, AK 99503-4124",+1-907-770-6211,NR,/us/ak/anchorage/profile/payday-loans/money-mart-1296-22832115
6,Minto Money,"PO Box 58112 Minto, AK 99758-0112",+1-844-446-4686,F ,/us/ak/minto/profile/payday-loans/minto-money-1296-1000080311
7,MoneyWorks Inc,"545 E Northern Lights Blvd Ste A Anchorage, AK 99503-2839",+1-907-337-2274,NR,/us/ak/anchorage/profile/payday-loans/moneyworks-inc-1296-22022930
8,Advance Til Payday,"1408B S Cushman St Fairbanks, AK 99711",+1-907-646-9292,NR,/us/ak/fairbanks/profile/payday-loans/advance-til-payday-1296-22030886
9,Advance Til Payday,"44096 Sterling Hwy Ste C Soldotna, AK 99669-8063",+1-907-646-9292,NR,/us/ak/fairbanks/profile/payday-loans/advance-til-payday-1296-22030886
10,Spirit of Alaska Federal Credit Union,"4001 Geist Road Fairbanks, AK 99709",+1-907-459-5974,NR,/us/ak/fairbanks/profile/credit-union/spirit-of-alaska-federal-credit-union-1296-22052351
11,Cash 4 U Net,"3310 McFarland Blvd E # A Tuscaloosa, AL 35405-2424",+1-205-554-7890,A+,/us/al/tuscaloosa/profile/payday-loans/cash-4-u-net-0463-90005947
12,"Speedee Cash of Alabama, Inc.","308 W Fort Williams St Sylacauga, AL 35150-2434",+1-256-245-9883,A+,/us/al/sylacauga/profile/payday-loans/speedee-cash-of-alabama-inc-0463-90026593
13,1 Stop Cash for Gold,"1522 Broad St STE C Selma, AL 36701-4208",+1-334-872-4151,NR,/us/al/selma/profile/payday-loans/1-stop-cash-for-gold-0463-90038810
14,Speedee Cash,"301 Highland Ave Selma, AL 36701-6224",+1-334-875-3535,NR,/us/al/selma/profile/title-loans/speedee-cash-0463-90145476
15,Always Money,"4642 US Highway 231 Wetumpka, AL 36092-3312",+1-334-567-3218,C-,/us/al/montgomery/profile/payday-loans/always-money-0463-90151022
16,Always Money,"2054 S McKenzie St Foley, AL 36535-1751",+1-251-943-8215,C-,/us/al/montgomery/profile/payday-loans/always-money-0463-90151022
17,Always Money,"PO Box 241525 Montgomery, AL 36124-1525",+1-205-338-5322,C-,/us/al/montgomery/profile/payday-loans/always-money-0463-90151022
18,Always Money,"5366 Highway 90 W Mobile, AL 36619-4202",+1-251-666-3551,C-,/us/al/montgomery/profile/payday-loans/always-money-0463-90151022
19,Always Money,"1516 9th Ave N Ste 116 Bessemer, AL 35020-5725",+1-205-424-9555,C-,/us/al/montgomery/profile/payday-loans/always-money-0463-90151022
20,Always Money,"201 Chambers Dr Ste F Bay Minette, AL 36507-3133",+1-251-580-2426,C-,/us/al/montgomery/profile/payday-loans/always-money-0463-90151022
21,Always Money,"12993 N Wintzell Ave Ste B Bayou La Batre, AL 36509-2164",+1-251-824-2600,C-,/us/al/montgomery/profile/payday-loans/always-money-0463-90151022
22,Always Money,"2000 Marvyn Pkwy STE 1 Opelika, AL 36804-7486",+1-205-338-5322,C-,/us/al/opelika/profile/payday-loans/always-money-0743-92529?addressId=19787
23,Always Money,"219 Cox Creek Pkwy Florence, AL 35630",+1-205-338-5322,C-,/us/al/florence/profile/payday-loans/always-money-0513-900271205?addressId=40341
24,American Title Loans 1002,"3180 Moffett Rd Suite A Mobile, AL 36607-1704",+1-251-206-6109,A+,/us/al/mobile/profile/title-loans/american-title-loans-1002-0463-90164718
25,Southern Loans,"23285 5th Ave Florala, AL 36442-3815",+1-334-572-5626,NR,/us/al/florala/profile/payday-loans/southern-loans-0463-90047219
26,Cash-2-Go,"926 N Washington St Livingston, AL 35470",+1-205-652-6644,NR,/us/al/livingston/profile/payday-loans/cash-2-go-0463-90104723
27,Local Cash Advance,"514 Kirkland St Ste C Abbeville, AL 36310-2700",+1-334-585-5757,F ,/us/al/abbeville/profile/payday-loans/local-cash-advance-0463-90018256
28,Allied Cash Advance,"1212 Forestdale Sq Birmingham, AL 35214-3838",+1-888-848-6950,A-,/us/oh/cincinnati/profile/payday-loans/allied-cash-advance-0292-90009135
29,Allied Cash Advance,"3014 Allison Bonnett Memorial Dr Ste 118 Bessemer, AL 35023-2396",+1-888-848-6950,A-,/us/oh/cincinnati/profile/payday-loans/allied-cash-advance-0292-90009135
30,Check N GO,"833 Allison Bonnett Memorial Dr Ste 101 Bessemer, AL 35023",+1-888-372-9329,A+,/us/al/bessemer/profile/check-cashing-services/check-n-go-0463-90040450?addressId=30534
31,Check N Go,"1717 Crestwood Blvd Birmingham, AL 35210-2029",+1-888-372-9329,A+,/us/al/birmingham/profile/check-cashing-services/check-n-go-0463-90115307?addressId=40458
32,Check N GO,"1301 3rd Ave W Birmingham, AL 35208-5519",+1-888-372-9329,A+,/us/al/birmingham/profile/check-cashing-services/check-n-go-0463-90027942?addressId=26594
33,"Alabama Title Loans, Inc.","7900 Airport Blvd Mobile, AL 36608-9616",+1-770-552-9840,F ,/us/al/mobile/profile/consumer-finance-companies/alabama-title-loans-inc-0463-14731?addressId=3097
34,"Alabama Title Loans, Inc.","914 Saraland Blvd S STE F2 Saraland, AL 36571-3641",+1-770-552-9840,F ,/us/al/saraland/profile/consumer-finance-companies/alabama-title-loans-inc-0463-14731?addressId=3100
35,Cash Cow,"758 W Main St Dothan, AL 36301-1560",+1-770-552-9840,F ,/us/al/dothan/profile/consumer-finance-companies/cash-cow-0463-90020740?addressId=24727
36,Cash Cow,"910 Fort Dale Rd Greenville, AL 36037-3611",+1-770-552-9840,F ,/us/al/greenville/profile/consumer-finance-companies/cash-cow-0463-90023663?addressId=25451
37,Alabama Title Loan,"2233A E South Blvd Montgomery, AL 36116-2404",+1-770-552-9840,F ,/us/al/montgomery/profile/consumer-finance-companies/alabama-title-loan-0463-90029040?addressId=26886
38,Alabama Title Loans,"901 Glenn Blvd SW Fort Payne, AL 35967-8441",+1-770-552-9840,F ,/us/al/fort-payne/profile/consumer-finance-companies/alabama-title-loans-0513-900085184?addressId=16662
39,Titlemax Of Pelham,"3051 Pelham Pkwy Pelham, AL 35124",+1-205-621-9180,A+,/us/al/pelham/profile/check-cashing-services/titlemax-of-pelham-0463-1001403?addressId=3926
40,Easy Money,"2312 Warrior Rd Birmingham, AL 35208",+1-205-397-0045,A+,/us/al/birmingham/profile/check-cashing-services/easy-money-0463-29004391?addressId=13395
41,Title Max,"2116 Quintard Ave Anniston, AL 36201",+1-855-920-9800,A+,/us/al/anniston/profile/check-cashing-services/title-max-0463-72001682?addressId=16898
42,TitleBucks,"1855 Center Point Pkwy STE 103 Center Point, AL 35215",+1-205-856-8792,A+,/us/al/center-point/profile/check-cashing-services/titlebucks-0463-72005316?addressId=17446
43,Title Max,"3328 Atlanta Hwy Montgomery, AL 36109",+1-334-396-1906,A+,/us/al/montgomery/profile/check-cashing-services/title-max-0463-72008233?addressId=17821
44,Easy Money,"9420 Parkway E Birmingham, AL 35215",+1-205-413-4478,A+,/us/al/birmingham/profile/check-cashing-services/easy-money-0463-90025978?addressId=26149
45,TitleBucks,"3119 Atlanta Hwy Montgomery, AL 36109",+1-912-525-2675,A+,/us/al/montgomery/profile/check-cashing-services/titlebucks-0463-90029903?addressId=27066
46,Easy Money,"6400 1st Ave N Birmingham, AL 35212",+1-205-876-1053,A+,/us/al/birmingham/profile/check-cashing-services/easy-money-0463-90030393?addressId=27187
47,TitleBucks,"2224 E South Blvd Montgomery, AL 36116",+1-912-525-2675,A+,/us/al/montgomery/profile/check-cashing-services/titlebucks-0463-90030605?addressId=27239
48,TitleBucks,"3385 McFarland Blvd Northport, AL 35476",+1-205-333-3139,A+,/us/al/northport/profile/check-cashing-services/titlebucks-0463-90031428?addressId=27436
49,Title Max,"935 1st St N Alabaster, AL 35007",+1-855-920-9800,A+,/us/al/alabaster/profile/check-cashing-services/title-max-0463-90039564?addressId=30161
50,Easy Money,"460 Cahaba Valley Rd Pelham, AL 35124",+1-205-552-0010,A+,/us/al/pelham/profile/check-cashing-services/easy-money-0463-90040575?addressId=30586
51,Easy Money,"3355 Vanderbilt Rd Birmingham, AL 35217",+1-205-745-4175,A+,/us/al/birmingham/profile/check-cashing-services/easy-money-0463-90041644?addressId=31065
52,Title Max,"1085 Ross Clark Cir Ste 1 Dothan, AL 36303",+1-334-673-2220,A+,/us/al/dothan/profile/check-cashing-services/title-max-0463-90041780?addressId=31111
53,Titlemax,"1211 Highway 231 S Troy, AL 36081",+1-334-566-8644,A+,/us/al/troy/profile/check-cashing-services/titlemax-0463-90045854?addressId=32942
54,TitleBucks,"602 Highway 78 W Jasper, AL 35501",+1-205-221-2104,A+,/us/al/jasper/profile/check-cashing-services/titlebucks-0463-90057596?addressId=35223
55,TitleMax,"1048 US Highway 80 W Demopolis, AL 36732",+1-334-289-0045,A+,/us/al/demopolis/profile/check-cashing-services/titlemax-0463-90113649?addressId=40008
56,TitleBucks,"3318 McFarland Blvd E Tuscaloosa, AL 35405",+1-205-391-0011,A+,/us/al/tuscaloosa/profile/check-cashing-services/titlebucks-0463-90117585?addressId=41408
57,Speedy Cash,"321 Palisades Blvd Birmingham, AL 35209",+1-888-333-1360,A+,/us/al/birmingham/profile/check-cashing-services/speedy-cash-0463-90148617?addressId=47083
58,Titlemax,"1630 Pelham Rd S Jacksonville, AL 36265",+1-256-782-3275,A+,/us/al/jacksonville/profile/check-cashing-services/titlemax-0463-90150929?addressId=47810
59,Check into Cash,"631 Willow Ln Ste G Greenville, AL 36037",+1-334-557-8646,A+,/us/al/greenville/profile/check-cashing-services/check-into-cash-0463-90151008?addressId=47846
60,Easy Money,"7740 Airport Blvd Suites A&amp;B Mobile, AL 36608",+1-251-308-7023,A+,/us/al/mobile/profile/check-cashing-services/easy-money-0463-90152189?addressId=48140
61,Check Into Cash,"1209 Ross Clark Cir Ste 2 Dothan, AL 36301",+1-334-702-3990,A+,/us/al/dothan/profile/check-cashing-services/check-into-cash-0463-90154325?addressId=48732
62,Easy Money,"1001 Bankhead Hwy W Birmingham, AL 35204",+1-205-563-8435,A+,/us/al/birmingham/profile/check-cashing-services/easy-money-0463-90164704?addressId=51077
63,Speedy Cash,"1501 Eastern Blvd Montgomery, AL 36117",+1-888-333-1360,A+,/us/al/montgomery/profile/check-cashing-services/speedy-cash-0463-90187720?addressId=58577
64,Title Max,"1960 Government St Mobile, AL 36606",+1-251-472-0940,A+,/us/al/mobile/profile/check-cashing-services/title-max-0463-235958267?addressId=71625
65,Check into Cash,"682 Clanton Market Pl Clanton, AL 35045",+1-205-280-4920,A+,/us/al/clanton/profile/check-cashing-services/check-into-cash-0463-1000022524?addressId=99216
66,Check into Cash,"879 Battle St E Talladega, AL 35160",+1-256-791-1732,A+,/us/al/talladega/profile/check-cashing-services/check-into-cash-0463-1000022525?addressId=99217
67,Check into Cash,"1508 S Mckenzie St Ste A Foley, AL 36535",+1-251-929-9007,A+,/us/al/foley/profile/check-cashing-services/check-into-cash-0463-1000022527?addressId=99219
68,Check into Cash,"1314 S Main St Atmore, AL 36502",+1-251-317-0440,A+,/us/al/atmore/profile/check-cashing-services/check-into-cash-0463-1000022529?addressId=99221
69,Check into Cash,"1135 College Ave Jackson, AL 36545",+1-251-247-0585,A+,/us/al/jackson/profile/check-cashing-services/check-into-cash-0463-1000022531?addressId=99224
70,Easy Money,"1310 Eastern Blvd Montgomery, AL 36117",+1-334-523-7020,A+,/us/al/montgomery/profile/check-cashing-services/easy-money-0463-1000022545?addressId=99242
71,Easy Money,"460 Cahaba Valley Rd Pelham, AL 35124",+1-205-552-0010,A+,/us/al/pelham/profile/check-cashing-services/easy-money-0463-90040575?addressId=30586
72,Easy Money,"3355 Vanderbilt Rd Birmingham, AL 35217",+1-205-745-4175,A+,/us/al/birmingham/profile/check-cashing-services/easy-money-0463-90041644?addressId=31065
73,Title Max,"1085 Ross Clark Cir Ste 1 Dothan, AL 36303",+1-334-673-2220,A+,/us/al/dothan/profile/check-cashing-services/title-max-0463-90041780?addressId=31111
74,Titlemax,"1211 Highway 231 S Troy, AL 36081",+1-334-566-8644,A+,/us/al/troy/profile/check-cashing-services/titlemax-0463-90045854?addressId=32942
75,TitleBucks,"602 Highway 78 W Jasper, AL 35501",+1-205-221-2104,A+,/us/al/jasper/profile/check-cashing-services/titlebucks-0463-90057596?addressId=35223
76,TitleMax,"1048 US Highway 80 W Demopolis, AL 36732",+1-334-289-0045,A+,/us/al/demopolis/profile/check-cashing-services/titlemax-0463-90113649?addressId=40008
77,TitleBucks,"3318 McFarland Blvd E Tuscaloosa, AL 35405",+1-205-391-0011,A+,/us/al/tuscaloosa/profile/check-cashing-services/titlebucks-0463-90117585?addressId=41408
78,Speedy Cash,"321 Palisades Blvd Birmingham, AL 35209",+1-888-333-1360,A+,/us/al/birmingham/profile/check-cashing-services/speedy-cash-0463-90148617?addressId=47083
79,Titlemax,"1630 Pelham Rd S Jacksonville, AL 36265",+1-256-782-3275,A+,/us/al/jacksonville/profile/check-cashing-services/titlemax-0463-90150929?addressId=47810
80,Check into Cash,"631 Willow Ln Ste G Greenville, AL 36037",+1-334-557-8646,A+,/us/al/greenville/profile/check-cashing-services/check-into-cash-0463-90151008?addressId=47846
81,Easy Money,"7740 Airport Blvd Suites A&amp;B Mobile, AL 36608",+1-251-308-7023,A+,/us/al/mobile/profile/check-cashing-services/easy-money-0463-90152189?addressId=48140
82,Check Into Cash,"1209 Ross Clark Cir Ste 2 Dothan, AL 36301",+1-334-702-3990,A+,/us/al/dothan/profile/check-cashing-services/check-into-cash-0463-90154325?addressId=48732
83,Easy Money,"1001 Bankhead Hwy W Birmingham, AL 35204",+1-205-563-8435,A+,/us/al/birmingham/profile/check-cashing-services/easy-money-0463-90164704?addressId=51077
84,Speedy Cash,"1501 Eastern Blvd Montgomery, AL 36117",+1-888-333-1360,A+,/us/al/montgomery/profile/check-cashing-services/speedy-cash-0463-90187720?addressId=58577
85,Title Max,"1960 Government St Mobile, AL 36606",+1-251-472-0940,A+,/us/al/mobile/profile/check-cashing-services/title-max-0463-235958267?addressId=71625
86,Check into Cash,"682 Clanton Market Pl Clanton, AL 35045",+1-205-280-4920,A+,/us/al/clanton/profile/check-cashing-services/check-into-cash-0463-1000022524?addressId=99216
87,Check into Cash,"879 Battle St E Talladega, AL 35160",+1-256-791-1732,A+,/us/al/talladega/profile/check-cashing-services/check-into-cash-0463-1000022525?addressId=99217
88,Check into Cash,"1508 S Mckenzie St Ste A Foley, AL 36535",+1-251-929-9007,A+,/us/al/foley/profile/check-cashing-services/check-into-cash-0463-1000022527?addressId=99219
89,Check into Cash,"1314 S Main St Atmore, AL 36502",+1-251-317-0440,A+,/us/al/atmore/profile/check-cashing-services/check-into-cash-0463-1000022529?addressId=99221
90,Check into Cash,"1135 College Ave Jackson, AL 36545",+1-251-247-0585,A+,/us/al/jackson/profile/check-cashing-services/check-into-cash-0463-1000022531?addressId=99224
91,Easy Money,"1310 Eastern Blvd Montgomery, AL 36117",+1-334-523-7020,A+,/us/al/montgomery/profile/check-cashing-services/easy-money-0463-1000022545?addressId=99242
92,Easy Money,"2008 Quintard Ave Anniston, AL 36201",+1-256-403-2420,A+,/us/al/anniston/profile/check-cashing-services/easy-money-0463-1000022551?addressId=99248
93,Easy Money,"Montgomery, AL 36109",+1-334-273-0354,A+,/us/al/montgomery/profile/check-cashing-services/easy-money-0463-1000022553?addressId=99250
94,Easy Money,"4673 Highway 280 Ste C Birmingham, AL 35242",+1-205-437-1515,A+,/us/al/birmingham/profile/check-cashing-services/easy-money-0463-1000022554?addressId=99251
95,Easy Money,"210B Midfield St Midfield, AL 35228",+1-205-923-3762,A+,/us/al/midfield/profile/check-cashing-services/easy-money-0463-1000022557?addressId=99254
96,Easy Money,"3032 Tyler Dr Northport, AL 35476",+1-205-330-0913,A+,/us/al/northport/profile/check-cashing-services/easy-money-0463-1000022558?addressId=99255
97,Easy Money,"2145 Bessemer Rd Birmingham, AL 35208",+1-205-781-9171,A+,/us/al/birmingham/profile/check-cashing-services/easy-money-0463-1000022561?addressId=99259
98,TitleMax,"Gadsden, AL 35903",+1-855-920-9800,A+,/us/al/gadsden/profile/check-cashing-services/titlemax-0463-1000031838?addressId=125373
99,TitleMax,"Dothan, AL 36303",+1-855-920-9800,A+,/us/al/dothan/profile/check-cashing-services/titlemax-0463-1000031839?addressId=125374
100,TitleMax,"Birmingham, AL 35215",+1-205-520-0955,A+,/us/al/birmingham/profile/check-cashing-services/titlemax-0463-1000031853?addressId=125393
101,Advance America,"3696 Airport Blvd., Ste. A Mobile, AL 36606",+1-864-515-5600,A+,/us/al/mobile/profile/loans/advance-america-0463-1000032003?addressId=125605
102,Advance America,"3325 S. Alabama Ave. Monroeville, AL 36460",+1-864-515-5600,A+,/us/al/monroeville/profile/loans/advance-america-0463-1000032004?addressId=125606
103,Advance America,"155 Plaza Lane Oxford, AL 36203",+1-864-515-5600,A+,/us/al/oxford/profile/loans/advance-america-0463-1000032006?addressId=125608
104,Advance America,"1307 E. Highland Avenue, Ste. 205 Selma, AL 36703",+1-864-515-5600,A+,/us/al/selma/profile/loans/advance-america-0463-1000032010?addressId=125612
105,Advance America,"209 Cox Creek Pkwy Florence, AL 35630",+1-256-760-0131,A+,/us/al/florence/profile/loans/advance-america-0513-900280902?addressId=51649
106,Advance America,"7345 US Hwy 431 #C Albertville, AL 35950",+1-256-878-0532,A+,/us/al/albertville/profile/loans/advance-america-0513-900280903?addressId=51650
107,Advance America,"Cullman, AL 35055",+1-256-739-9190,A+,/us/al/cullman/profile/loans/advance-america-0513-900280905?addressId=51654
108,Advance America,"403A N Gilmer Ave Lanett, AL 36863",+1-334-219-8042,A+,/us/al/lanett/profile/loans/advance-america-0743-91824826?addressId=45767
109,Advance America,"3000 Pepperell Pkwy Ste 10 Opelika, AL 36801",+1-334-737-3320,A+,/us/al/opelika/profile/loans/advance-america-0743-91826495?addressId=45781
110,Check Depot,"109 River Square Plz Bessemer, AL 35023-1668",+1-205-940-2274,A+,/us/al/birmingham/profile/check-cashing-services/check-depot-0463-60001159
111,Check Depot,"2200 31st Street Ensley Birmingham, AL 35208-3502",+1-205-923-8900,A+,/us/al/birmingham/profile/check-cashing-services/check-depot-0463-60001159
112,Check Depot,"64 Green Springs Hwy Homewood, AL 35209-4902",+1-205-923-8900,A+,/us/al/birmingham/profile/check-cashing-services/check-depot-0463-60001159
113,Check Depot,"30 Plaza Ln Oxford, AL 36203-2463",+1-205-923-8900,A+,/us/al/birmingham/profile/check-cashing-services/check-depot-0463-60001159
114,Approved Cash,"201 Veterans Dr STE 104 Scottsboro, AL 35768-2168",+1-256-575-0007,NR,/us/al/scottsboro/profile/payday-loans/approved-cash-0513-900247230
115,"Mayhall Enterprises, LLc","2327 Memorial Pkwy NW Ste A Huntsville, AL 35810-4500",+1-256-533-7441,A+,/us/al/huntsville/profile/buy-here-pay-here-auto-dealer/mayhall-enterprises-llc-0513-21000182
116,100DayLoans.com,"1009 20th St W Apt 54 Jasper, AL 35501-5278",+1-256-886-7028,A+,/us/al/jasper/profile/payday-loans/100dayloanscom-0463-90145431
117,Emergi-Cash,"615 Dolive St STE 8A Bay Minette, AL 36507-3129",+1-251-937-8807,A+,/us/al/foley/profile/payday-loans/emergi-cash-0463-90149144
118,Emergi-Cash,"301 S Memorial Dr Prattville, AL 36067-3625",+1-334-491-0750,A+,/us/al/foley/profile/payday-loans/emergi-cash-0463-90149144
119,Always Money,"215 W College St Columbiana, AL 35051-9724",+1-205-669-2843,C-,/us/al/montgomery/profile/payday-loans/always-money-0463-90151022
120,Always Money,"503 Highway 78 W Suite 3 Jasper, AL 35501-3893",+1-205-221-1672,C-,/us/al/montgomery/profile/payday-loans/always-money-0463-90151022
121,Always Money,"1013 1st St N Alabaster, AL 35007-8753",+1-205-620-1207,C-,/us/al/montgomery/profile/payday-loans/always-money-0463-90151022
122,Always Money,"501 15th St E Ste D Tuscaloosa, AL 35401-3285",+1-205-752-7209,C-,/us/al/montgomery/profile/payday-loans/always-money-0463-90151022
123,Always Money,"30 Schillinger Rd N Ste 106 Mobile, AL 36608-5060",+1-205-338-5322,C-,/us/al/montgomery/profile/payday-loans/always-money-0463-90151022
124,Always Money,"632 S Memorial Dr Prattville, AL 36067-3637",+1-334-358-6000,C-,/us/al/montgomery/profile/payday-loans/always-money-0463-90151022
125,Always Money,"447 N Eastern Blvd Montgomery, AL 36117-2211",+1-334-272-0650,C-,/us/al/montgomery/profile/payday-loans/always-money-0463-90151022
126,Always Money,"2952 Dauphin Island Pkwy Mobile, AL 36605-3824",+1-251-478-8611,C-,/us/al/montgomery/profile/payday-loans/always-money-0463-90151022
127,Always Money,"414 N Craft Hwy Chickasaw, AL 36611-1312",+1-251-456-8823,C-,/us/al/montgomery/profile/payday-loans/always-money-0463-90151022
128,Always Money,"2491 McFarland Blvd Ste C Northport, AL 35476-2901",+1-205-339-0707,C-,/us/al/montgomery/profile/payday-loans/always-money-0463-90151022
129,Always Money,"873 Dennison Ave SW Ste 117 Birmingham, AL 35211-3878",+1-205-323-1086,C-,/us/al/montgomery/profile/payday-loans/always-money-0463-90151022
130,Always Money,"3745-A US-80 Phenix City, AL 36870",+1-205-338-5322,C-,/us/al/phenix-city/profile/payday-loans/always-money-0743-92529?addressId=19788
131,Always Money,"1001 13th St Phenix City, AL 36867-4963",+1-205-338-5322,C-,/us/al/phenix-city/profile/payday-loans/always-money-0743-92529?addressId=19789
132,Always Money,"3001 20th Ave Valley, AL 36854-2950",+1-205-338-5322,C-,/us/al/valley/profile/payday-loans/always-money-0743-92529?addressId=19790
133,American Title Loans 1002,"29159 US Highway 98 Daphne, AL 36526-7302",+1-251-206-6109,A+,/us/al/mobile/profile/title-loans/american-title-loans-1002-0463-90164718
134,CheckMate,"1507 Martin St S STE 4 Pell City, AL 35128-2371",+1-760-431-2500,A+,/us/al/pell-city/profile/loans/checkmate-0463-90016132?addressId=23368
135,Approved Cash,"803 2nd Ave NW Cullman, AL 35055-2401",+1-423-614-2307,A+,/us/al/cullman/profile/payday-loans/approved-cash-0513-900124726
136,Allied Cash Advance,"5287 Highway 280 Ste 267 Birmingham, AL 35242-5381",+1-888-848-6950,A-,/us/oh/cincinnati/profile/payday-loans/allied-cash-advance-0292-90009135
137,Brett's Pawn Shoppe,"5212 Oporto Madrid Blvd S Irondale, AL 35210-1909",+1-205-592-9922,NR,/us/al/irondale/profile/pawnbroker/bretts-pawn-shoppe-0463-5001087
138,Check N Go,"4922 Highway 78 W Oxford, AL 36203",+1-888-372-9329,A+,/us/al/oxford/profile/check-cashing-services/check-n-go-0463-90047466?addressId=33659
139,Check N Go,"3753 Highway 431 N Phenix City, AL 36867",+1-888-372-9329,A+,/us/oh/cincinnati/profile/check-cashing-services/check-n-go-0292-1037951
140,Check N GO,"3990 Government Blvd STE A Mobile, AL 36693-4725",+1-888-372-9329,A+,/us/al/mobile/profile/check-cashing-services/check-n-go-0463-90117498?addressId=41362
141,Check N Go,"1423 Gadsden Hwy STE 139 Birmingham, AL 35235-3154",+1-888-372-9329,A+,/us/al/birmingham/profile/check-cashing-services/check-n-go-0463-90119496?addressId=42175
142,Check N Go,"3211 Moffett Rd STE 102 Mobile, AL 36607-1715",+1-888-372-9329,A+,/us/al/mobile/profile/check-cashing-services/check-n-go-0463-90171350?addressId=53034
143,Check N Go,"4922 US Highway 78 W Oxford, AL 36203-6101",+1-888-372-9329,A+,/us/al/oxford/profile/check-cashing-services/check-n-go-0463-90047466?addressId=33659
144,"Alabama Title Loans, Inc.","500 S Wilson Ave Mobile, AL 36617-3631",+1-770-552-9840,F ,/us/al/mobile/profile/consumer-finance-companies/alabama-title-loans-inc-0463-14731?addressId=3098
145,"Alabama Title Loans, Inc.","5400 Highway 90 W Mobile, AL 36619-4208",+1-770-552-9840,F ,/us/al/mobile/profile/consumer-finance-companies/alabama-title-loans-inc-0463-14731?addressId=3095
146,"Alabama Title Loans, Inc.","3951 Government Blvd Mobile, AL 36693-4736",+1-770-552-9840,F ,/us/al/mobile/profile/consumer-finance-companies/alabama-title-loans-inc-0463-14731?addressId=3099
147,"Alabama Title Loans, Inc.","3203 Spring Hill Ave Mobile, AL 36607-1809",+1-770-552-9840,F ,/us/al/mobile/profile/consumer-finance-companies/alabama-title-loans-inc-0463-14731?addressId=3103
148,Alabama Title Loans,"2301 W Meighan Blvd Gadsden, AL 35904-1707",+1-770-552-9840,F ,/us/al/gadsden/profile/consumer-finance-companies/alabama-title-loans-0463-28000299?addressId=12012
149,Alabama Title Loans,"1723 Center Point Pkwy Birmingham, AL 35215-4558",+1-770-552-9840,F ,/us/al/birmingham/profile/consumer-finance-companies/alabama-title-loans-0463-28004089?addressId=12462
150,Alabama Title Loans,"194 Green Springs Hwy. Homewood, AL 35209",+1-770-552-9840,F ,/us/al/homewood/profile/consumer-finance-companies/alabama-title-loans-0463-28000299?addressId=101417
151,Alabama Title Loans,"615 Bessemer Super Hwy. Midfield, AL 35228",+1-770-552-9840,F ,/us/al/midfield/profile/consumer-finance-companies/alabama-title-loans-0463-28000299?addressId=101416
152,Alabama Title Loans,"9900 Parkway East Birmingham, AL 35215",+1-770-552-9840,F ,/us/al/birmingham/profile/consumer-finance-companies/alabama-title-loans-0463-28000299?addressId=101415
153,Alabama Title Loans,"1637 Pinson Valley Pkwy Birmingham, AL 35217",+1-770-552-9840,F ,/us/al/birmingham/profile/consumer-finance-companies/alabama-title-loans-0463-28004089?addressId=101414
154,Advance America,"592 Fieldstown Rd Gardendale, AL 35071-3414",+1-864-515-5600,A+,/us/sc/greenville/profile/loans/advance-america-0673-9000720
155,Advance America,"3503 Memorial Pkwy NW Ste G Huntsville, AL 35810",+1-864-515-5600,A+,/us/al/huntsville/profile/loans/advance-america-0513-900232768?addressId=23358
156,Advance America Cash Advance,"3893 Eastern Blvd Ste 200 Montgomery, AL 36116-7311",+1-864-515-5600,A+,/us/al/montgomery/profile/loans/advance-america-cash-advance-0463-90026458?addressId=26267
157,Advance America,"1480 Skyland Blvd E Tuscaloosa, AL 35405",+1-864-515-5600,A+,/us/al/tuscaloosa/profile/loans/advance-america-0463-31000954?addressId=13552
158,Advance America Cash Advance,"3255 S Oates St Ste 1 Dothan, AL 36301",+1-334-678-0416,A+,/us/al/dothan/profile/loans/advance-america-cash-advance-0463-72009487?addressId=18124
159,Advance America,"Calera, AL 35040",+1-205-668-4177,A+,/us/al/calera/profile/loans/advance-america-0463-1000031982?addressId=125579
160,Advance America,"2619 W. Meighan Blvd. Gadsden, AL 35904",+1-864-515-5600,A+,/us/al/gadsden/profile/loans/advance-america-0463-1000031996?addressId=125598
161,Advance America,"815C Pelham Rd. S, #1 Jacksonville, AL 36265",+1-864-515-5600,A+,/us/al/jacksonville/profile/loans/advance-america-0463-1000032000?addressId=125602
162,Advance America,"3988 Atlanta Hwy. Montgomery, AL 36109",+1-864-515-5600,A+,/us/al/montgomery/profile/loans/advance-america-0463-1000032005?addressId=125607
163,Advance America,"Decatur, AL 35601",+1-256-301-0052,A+,/us/al/decatur/profile/loans/advance-america-0513-900280904?addressId=51652
164,Advance America,"7985 Hwy. 72 West, Ste. #6 Madison, AL 35758",+1-256-430-1510,A+,/us/al/madison/profile/loans/advance-america-0513-900280907?addressId=51656
165,Advance America,"1105 E 280 bypass Phenix City, AL 36867",+1-334-297-0228,A+,/us/al/phenix-city/profile/loans/advance-america-0743-91826491?addressId=45780
166,Advance America,"1745 S Eufaula Ave Eufaula, AL 36027",+1-334-687-3103,A+,/us/al/eufaula/profile/loans/advance-america-0743-91826494?addressId=45782
167,Titlemax,"912 1/2 Rucker Blvd Enterprise, AL 36330",+1-334-393-9971,A+,/us/al/enterprise/profile/check-cashing-services/titlemax-0463-29003213?addressId=13038
168,TItleMax,"92 15th St Tuscaloosa, AL 35401",+1-921-721-5803,A+,/us/al/tuscaloosa/profile/check-cashing-services/titlemax-0463-72001796?addressId=16925
169,Title Max,"912 9th Ave N Bessemer, AL 35020",+1-205-425-5894,A+,/us/al/bessemer/profile/check-cashing-services/title-max-0463-72002781?addressId=17075
170,Title Max,"1508 Highway 78 E STE 100 Jasper, AL 35501",+1-205-221-2229,A+,/us/al/jasper/profile/check-cashing-services/title-max-0463-72002965?addressId=17096
171,TitleBucks,"1000 9th Ave N Bessemer, AL 35020",+1-205-426-2009,A+,/us/al/bessemer/profile/check-cashing-services/titlebucks-0463-90016994?addressId=23606
172,Title Max,"3916 Highway 280 STE C Alexander City, AL 35010",+1-256-215-6662,A+,/us/al/alexander-city/profile/check-cashing-services/title-max-0463-90018148?addressId=23938
173,Title Max,"542 W Fairview Ave Montgomery, AL 36105",+1-334-293-9060,A+,/us/al/montgomery/profile/check-cashing-services/title-max-0463-90019063?addressId=24219
174,Title Max,"1714 Al Highway 21 S Oxford, AL 36203",+1-256-831-9299,A+,/us/al/oxford/profile/check-cashing-services/title-max-0463-90025058?addressId=25859
175,Easy Money,"1552 Montclair Rd Irondale, AL 35210",+1-205-956-2424,A+,/us/al/irondale/profile/check-cashing-services/easy-money-0463-90030669?addressId=27250
176,Easy Money,"210 B Y Williams SR Dr Birmingham, AL 35228",+1-205-923-3762,A+,/us/al/birmingham/profile/check-cashing-services/easy-money-0463-90166517?addressId=51689
177,Speedy Cash,"6401 Airport Blvd STE B Mobile, AL 36608",+1-251-287-0152,A+,/us/al/mobile/profile/check-cashing-services/speedy-cash-0463-90187632?addressId=58552
178,Speedy Cash,"3410 Highway 69 N Northport, AL 35473",+1-888-333-1360,A+,/us/al/northport/profile/check-cashing-services/speedy-cash-0463-90187719?addressId=58576
179,Easy Money,"2950 Spring Hill Ave Mobile, AL 36607",+1-251-476-2978,A+,/us/al/mobile/profile/check-cashing-services/easy-money-0463-235958284?addressId=71637
180,Check into Cash,"993A S Alabama Ave Monroeville, AL 36460",+1-251-249-8201,A+,/us/al/monroeville/profile/check-cashing-services/check-into-cash-0463-1000022526?addressId=99218
181,Check into Cash,"1654 Douglas Ave Brewton, AL 36426",+1-251-809-6116,A+,/us/al/brewton/profile/check-cashing-services/check-into-cash-0463-1000022528?addressId=99220
182,Check into Cash,"505B N Main St Opp, AL 36467",+1-334-403-5517,A+,/us/al/opp/profile/check-cashing-services/check-into-cash-0463-1000022530?addressId=99223
183,Easy Money,"3536 Pelham Pkwy Pelham, AL 35124",+1-205-564-7000,A+,/us/al/pelham/profile/check-cashing-services/easy-money-0463-1000022543?addressId=99240
184,Easy Money,"209 Grace St Oxford, AL 36203",+1-256-403-2400,A+,/us/al/oxford/profile/check-cashing-services/easy-money-0463-1000022544?addressId=99241
185,Easy Money,"2869 Montgomery Hwy Dothan, AL 36303",+1-334-635-1222,A+,/us/al/dothan/profile/check-cashing-services/easy-money-0463-1000022546?addressId=99243
186,Check into Cash,"5420 Highway 90 W Mobile, AL 36619",+1-251-643-7334,A+,/us/al/mobile/profile/check-cashing-services/check-into-cash-0463-1000022548?addressId=99245
187,Easy Money,"Mobile, AL 36609",+1-251-343-7070,A+,/us/al/mobile/profile/check-cashing-services/easy-money-0463-1000022550?addressId=99247
188,Easy Money,"922 2nd Ave E Oneonta, AL 35121",+1-205-660-2400,A+,/us/al/oneonta/profile/check-cashing-services/easy-money-0463-1000022559?addressId=99256
189,TitleMax,"Dothan, AL 36301",+1-855-920-9800,A+,/us/al/dothan/profile/check-cashing-services/titlemax-0463-1000031840?addressId=125375
190,TitleMax,"Birmingham, AL 35235",+1-855-920-9800,A+,/us/al/birmingham/profile/check-cashing-services/titlemax-0463-1000031844?addressId=125379
191,TitleMax,"Birmingham, AL 35206",+1-855-920-9800,A+,/us/al/birmingham/profile/check-cashing-services/titlemax-0463-1000031845?addressId=125380
192,TitleMax,"Gardendale, AL 35071",+1-855-920-9800,A+,/us/al/gardendale/profile/check-cashing-services/titlemax-0463-1000031852?addressId=125392
193,TitleMax,"Mobile, AL 36693",+1-251-661-7324,A+,/us/al/mobile/profile/check-cashing-services/titlemax-0463-1000031855?addressId=125395
194,TitleMax,"Mobile, AL 36618",+1-251-342-1343,A+,/us/al/mobile/profile/check-cashing-services/titlemax-0463-1000031856?addressId=125396
195,TitleMax,"Mobile, AL 36695",+1-251-634-4011,A+,/us/al/mobile/profile/check-cashing-services/titlemax-0463-1000031857?addressId=125397
196,TitleMax,"Birmingham, AL 35216",+1-205-876-1083,A+,/us/al/birmingham/profile/check-cashing-services/titlemax-0463-1000031862?addressId=125402
197,TitleMax,"Bessemer, AL 35023",+1-205-497-4765,A+,/us/al/bessemer/profile/check-cashing-services/titlemax-0463-1000031864?addressId=125404
198,TitleMax,"Pelham, AL 35124",+1-205-876-1815,A+,/us/al/pelham/profile/check-cashing-services/titlemax-0463-1000031865?addressId=125405
199,TitleMax,"Oneonta, AL 35121",+1-205-520-0146,A+,/us/al/oneonta/profile/check-cashing-services/titlemax-0463-1000031866?addressId=125406
200,TitleMax,"Ozark, AL 36360",+1-334-293-9061,A+,/us/al/ozark/profile/check-cashing-services/titlemax-0463-1000031888?addressId=125440
201,TitleMax,"Mobile, AL 36611",+1-251-452-3704,A+,/us/al/mobile/profile/check-cashing-services/titlemax-0463-1000031891?addressId=125443
202,Title Max,"155 Highway 31 SW Hartselle, AL 35640",+1-912-629-1539,A+,/us/al/hartselle/profile/check-cashing-services/title-max-0513-900093340?addressId=17352
203,Title Max,"3000 Memorial Pkwy Nw Huntsville, AL 35810",+1-855-920-9800,A+,/us/al/huntsville/profile/check-cashing-services/title-max-0513-900093340?addressId=17353
204,Title Max,"2710 Memorial Pkwy SW Huntsville, AL 35801",+1-855-920-9800,A+,/us/al/huntsville/profile/check-cashing-services/title-max-0513-900093340?addressId=17354
205,Title Max,"1129 Jefferson St SE Athens, AL 35611",+1-855-920-9800,A+,/us/al/athens/profile/check-cashing-services/title-max-0513-900093340?addressId=17359
206,Easy Money,"604 Boll Weevil Cir Enterprise, AL 36330",+1-334-489-7000,A+,/us/al/enterprise/profile/check-cashing-services/easy-money-0463-1000022547?addressId=99244
207,Easy Money,"2449 E South Blvd Montgomery, AL 36116",+1-334-288-8865,A+,/us/al/montgomery/profile/check-cashing-services/easy-money-0463-1000022552?addressId=99249
208,TitleMax,"Birmingham, AL 35215",+1-855-920-9800,A+,/us/al/birmingham/profile/check-cashing-services/titlemax-0463-1000031841?addressId=125376
209,TitleMax,"Mobile, AL 36619",+1-251-602-1900,A+,/us/al/mobile/profile/check-cashing-services/titlemax-0463-1000031859?addressId=125399
210,TitleMax,"Mobile, AL 36608",+1-251-460-2670,A+,/us/al/mobile/profile/check-cashing-services/titlemax-0463-1000031861?addressId=125401
211,TitleMax,"Brewton, AL 36426",+1-251-867-7415,A+,/us/al/brewton/profile/check-cashing-services/titlemax-0463-1000031867?addressId=125407
212,TitleMax,"Greenville, AL 36037",+1-334-382-0294,A+,/us/al/greenville/profile/check-cashing-services/titlemax-0463-1000031869?addressId=125409
213,TitleMax,"Selma, AL 36701",+1-334-877-4409,A+,/us/al/selma/profile/check-cashing-services/titlemax-0463-1000031870?addressId=125410
214,TitleMax,"Thomasville, AL 36784",+1-334-636-9048,A+,/us/al/thomasville/profile/check-cashing-services/titlemax-0463-1000031871?addressId=125411
215,TitleMax,"Tuscaloosa, AL 35405",+1-205-553-3470,A+,/us/al/tuscaloosa/profile/check-cashing-services/titlemax-0463-1000031872?addressId=125412
216,TitleMax,"Foley, AL 36535",+1-251-675-7295,A+,/us/al/foley/profile/check-cashing-services/titlemax-0463-1000031890?addressId=125442
217,TitleMax,"Mobile, AL 36606",+1-251-472-0940,A+,/us/al/mobile/profile/check-cashing-services/titlemax-0463-1000031892?addressId=125444
218,Title Max,"1919 Jordan Ln NW Huntsville, AL 35816",+1-855-920-9800,A+,/us/al/huntsville/profile/check-cashing-services/title-max-0513-900093340?addressId=17355
219,Title Max,"765 N Brindlee Mountain Pkwy Arab, AL 35016",+1-855-920-9800,A+,/us/al/arab/profile/check-cashing-services/title-max-0513-900093340?addressId=17358
220,Easymoney,"2007 University Dr NW Huntsville, AL 35816",+1-256-203-7070,A+,/us/al/huntsville/profile/check-cashing-services/easymoney-0513-900231076?addressId=22802
221,Always Money,"8525 Whitfield Ave Ste 125 Leeds, AL 35094-7573",+1-205-699-2074,C-,/us/al/montgomery/profile/payday-loans/always-money-0463-90151022
222,Always Money,"1189 Center Point Pkwy Birmingham, AL 35215-6307",+1-205-854-8778,C-,/us/al/montgomery/profile/payday-loans/always-money-0463-90151022
223,Always Money,"3100 Atlanta Hwy Montgomery, AL 36109-3434",+1-334-277-4002,C-,/us/al/montgomery/profile/payday-loans/always-money-0463-90151022
224,Always Money,"3317 Pleasant Valley Rd Mobile, AL 36609-2008",+1-251-342-3644,C-,/us/al/montgomery/profile/payday-loans/always-money-0463-90151022
225,Always Money,"2851 E South Blvd Ste A Montgomery, AL 36116-2513",+1-334-284-9833,C-,/us/al/montgomery/profile/payday-loans/always-money-0463-90151022
226,Always Money,"4546 Saint Stephens Rd Mobile, AL 36613-3509",+1-251-452-1160,C-,/us/al/montgomery/profile/payday-loans/always-money-0463-90151022
227,Always Money,"602 Battle St E Talladega, AL 35160-2545",+1-256-362-3240,C-,/us/al/montgomery/profile/payday-loans/always-money-0463-90151022
228,Always Money,"2975 Highway 280 Ste B Alexander City, AL 35010-4417",+1-256-329-2141,C-,/us/al/montgomery/profile/payday-loans/always-money-0463-90151022
229,Always Money,"2124 Cogswell Ave Pell City, AL 35125-1731",+1-205-338-5322,C-,/us/al/montgomery/profile/payday-loans/always-money-0463-90151022
230,Always Money,"33707 US Highway 280 Childersburg, AL 35044-3017",+1-256-378-7240,C-,/us/al/montgomery/profile/payday-loans/always-money-0463-90151022
231,Always Money,"6729 Spanish Fort Blvd Ste L Spanish Fort, AL 36527-5059",+1-251-626-8803,C-,/us/al/montgomery/profile/payday-loans/always-money-0463-90151022
232,Always Money,"1909 Pepperell Pkwy Opelika, AL 36801-6223",+1-205-338-5322,C-,/us/al/opelika/profile/payday-loans/always-money-0743-92529?addressId=19786
233,Always Money Tax Svc,"3001 20th Ave STE B Valley, AL 36854-2950",+1-205-338-5322,C-,/us/al/valley/profile/payday-loans/always-money-tax-svc-0743-53325?addressId=17848
234,Always Money,"1803B University Dr NW Huntsville, AL 35801-5744",+1-205-338-5322,C-,/us/al/huntsville/profile/payday-loans/always-money-0513-900176949?addressId=19623
235,Always Money,"1716 6th Ave SE Decatur, AL 35601",+1-205-338-5322,C-,/us/al/decatur/profile/payday-loans/always-money-0513-900271206?addressId=40342
236,Pay Day Advance,"4605 Towson Ave Fort Smith, AR 72901-7960",+1-479-646-2274,NR,/us/ar/fort-smith/profile/check-cashing-services/pay-day-advance-0935-11000885
237,ACE America's Cash Express,"6416 Colonel Glenn Rd. Little Rock, AR 72204",+1-972-550-5000,A+,/us/ar/little-rock/profile/payday-loans/ace-americas-cash-express-0935-6000710?addressId=10204
238,ACE America's Cash Express,"7508 Geyer Springs Road Little Rock, AR 72209",+1-972-550-5000,A+,/us/ar/little-rock/profile/payday-loans/ace-americas-cash-express-0935-6000710?addressId=10206
239,ACE America's Cash Express,"6416 Colonel Glenn Rd Little Rock, AR 72204",+1-972-550-5000,A+,/us/ar/little-rock/profile/payday-loans/ace-americas-cash-express-0935-6000710?addressId=10204
240,ACE Cash Express,"7508 Geyer Springs Rd Little Rock, AR 72209",+1-972-550-5000,A+,/us/tx/irving/profile/payday-loans/ace-cash-express-0875-1002799
